,name,constraint,owner
0,qcd_fail_LOW_bin_1-1,flatParam,qcd_fail
1,qcd_fail_LOW_bin_2-1,flatParam,qcd_fail
2,qcd_fail_LOW_bin_3-1,flatParam,qcd_fail
3,qcd_fail_LOW_bin_4-1,flatParam,qcd_fail
4,qcd_fail_LOW_bin_5-1,flatParam,qcd_fail
5,qcd_fail_LOW_bin_6-1,flatParam,qcd_fail
6,qcd_fail_LOW_bin_1-2,flatParam,qcd_fail
7,qcd_fail_LOW_bin_2-2,flatParam,qcd_fail
8,qcd_fail_LOW_bin_3-2,flatParam,qcd_fail
9,qcd_fail_LOW_bin_4-2,flatParam,qcd_fail
10,qcd_fail_LOW_bin_5-2,flatParam,qcd_fail
11,qcd_fail_LOW_bin_6-2,flatParam,qcd_fail
12,qcd_fail_LOW_bin_1-3,flatParam,qcd_fail
13,qcd_fail_LOW_bin_2-3,flatParam,qcd_fail
14,qcd_fail_LOW_bin_3-3,flatParam,qcd_fail
15,qcd_fail_LOW_bin_4-3,flatParam,qcd_fail
16,qcd_fail_LOW_bin_5-3,flatParam,qcd_fail
17,qcd_fail_LOW_bin_6-3,flatParam,qcd_fail
18,qcd_fail_LOW_bin_1-4,flatParam,qcd_fail
19,qcd_fail_LOW_bin_2-4,flatParam,qcd_fail
20,qcd_fail_LOW_bin_3-4,flatParam,qcd_fail
21,qcd_fail_LOW_bin_4-4,flatParam,qcd_fail
22,qcd_fail_LOW_bin_5-4,flatParam,qcd_fail
23,qcd_fail_LOW_bin_6-4,flatParam,qcd_fail
24,qcd_fail_LOW_bin_2-5,flatParam,qcd_fail
25,qcd_fail_LOW_bin_3-5,flatParam,qcd_fail
26,qcd_fail_LOW_bin_4-5,flatParam,qcd_fail
27,qcd_fail_LOW_bin_5-5,flatParam,qcd_fail
28,qcd_fail_LOW_bin_6-5,flatParam,qcd_fail
29,qcd_fail_LOW_bin_3-6,flatParam,qcd_fail
30,qcd_fail_LOW_bin_4-6,flatParam,qcd_fail
31,qcd_fail_LOW_bin_5-6,flatParam,qcd_fail
32,qcd_fail_LOW_bin_6-6,flatParam,qcd_fail
33,qcd_fail_LOW_bin_4-7,flatParam,qcd_fail
34,qcd_fail_LOW_bin_5-7,flatParam,qcd_fail
35,qcd_fail_LOW_bin_6-7,flatParam,qcd_fail
36,qcd_fail_LOW_bin_5-8,flatParam,qcd_fail
37,qcd_fail_LOW_bin_6-8,flatParam,qcd_fail
38,qcd_fail_SIG_bin_1-1,flatParam,qcd_fail
39,qcd_fail_SIG_bin_2-1,flatParam,qcd_fail
40,qcd_fail_SIG_bin_1-2,flatParam,qcd_fail
41,qcd_fail_SIG_bin_2-2,flatParam,qcd_fail
42,qcd_fail_SIG_bin_1-3,flatParam,qcd_fail
43,qcd_fail_SIG_bin_2-3,flatParam,qcd_fail
44,qcd_fail_SIG_bin_1-4,flatParam,qcd_fail
45,qcd_fail_SIG_bin_2-4,flatParam,qcd_fail
46,qcd_fail_SIG_bin_1-5,flatParam,qcd_fail
47,qcd_fail_SIG_bin_2-5,flatParam,qcd_fail
48,qcd_fail_SIG_bin_1-6,flatParam,qcd_fail
49,qcd_fail_SIG_bin_2-6,flatParam,qcd_fail
50,qcd_fail_SIG_bin_1-7,flatParam,qcd_fail
51,qcd_fail_SIG_bin_2-7,flatParam,qcd_fail
52,qcd_fail_SIG_bin_1-8,flatParam,qcd_fail
53,qcd_fail_SIG_bin_2-8,flatParam,qcd_fail
54,qcd_fail_SIG_bin_1-9,flatParam,qcd_fail
55,qcd_fail_SIG_bin_2-9,flatParam,qcd_fail
56,qcd_fail_HIGH_bin_1-1,flatParam,qcd_fail
57,qcd_fail_HIGH_bin_2-1,flatParam,qcd_fail
58,qcd_fail_HIGH_bin_3-1,flatParam,qcd_fail
59,qcd_fail_HIGH_bin_4-1,flatParam,qcd_fail
60,qcd_fail_HIGH_bin_5-1,flatParam,qcd_fail
61,qcd_fail_HIGH_bin_1-2,flatParam,qcd_fail
62,qcd_fail_HIGH_bin_2-2,flatParam,qcd_fail
63,qcd_fail_HIGH_bin_3-2,flatParam,qcd_fail
64,qcd_fail_HIGH_bin_4-2,flatParam,qcd_fail
65,qcd_fail_HIGH_bin_5-2,flatParam,qcd_fail
66,qcd_fail_HIGH_bin_1-3,flatParam,qcd_fail
67,qcd_fail_HIGH_bin_2-3,flatParam,qcd_fail
68,qcd_fail_HIGH_bin_3-3,flatParam,qcd_fail
69,qcd_fail_HIGH_bin_4-3,flatParam,qcd_fail
70,qcd_fail_HIGH_bin_5-3,flatParam,qcd_fail
71,qcd_fail_HIGH_bin_1-4,flatParam,qcd_fail
72,qcd_fail_HIGH_bin_2-4,flatParam,qcd_fail
73,qcd_fail_HIGH_bin_3-4,flatParam,qcd_fail
74,qcd_fail_HIGH_bin_4-4,flatParam,qcd_fail
75,qcd_fail_HIGH_bin_5-4,flatParam,qcd_fail
76,qcd_fail_HIGH_bin_1-5,flatParam,qcd_fail
77,qcd_fail_HIGH_bin_2-5,flatParam,qcd_fail
78,qcd_fail_HIGH_bin_3-5,flatParam,qcd_fail
79,qcd_fail_HIGH_bin_4-5,flatParam,qcd_fail
80,qcd_fail_HIGH_bin_5-5,flatParam,qcd_fail
81,qcd_fail_HIGH_bin_1-6,flatParam,qcd_fail
82,qcd_fail_HIGH_bin_2-6,flatParam,qcd_fail
83,qcd_fail_HIGH_bin_3-6,flatParam,qcd_fail
84,qcd_fail_HIGH_bin_4-6,flatParam,qcd_fail
85,qcd_fail_HIGH_bin_5-6,flatParam,qcd_fail
86,qcd_fail_HIGH_bin_1-7,flatParam,qcd_fail
87,qcd_fail_HIGH_bin_2-7,flatParam,qcd_fail
88,qcd_fail_HIGH_bin_3-7,flatParam,qcd_fail
89,qcd_fail_HIGH_bin_4-7,flatParam,qcd_fail
90,qcd_fail_HIGH_bin_5-7,flatParam,qcd_fail
91,qcd_fail_HIGH_bin_1-8,flatParam,qcd_fail
92,qcd_fail_HIGH_bin_2-8,flatParam,qcd_fail
93,qcd_fail_HIGH_bin_3-8,flatParam,qcd_fail
94,qcd_fail_HIGH_bin_4-8,flatParam,qcd_fail
95,qcd_fail_HIGH_bin_5-8,flatParam,qcd_fail
96,qcd_fail_HIGH_bin_1-9,flatParam,qcd_fail
97,qcd_fail_HIGH_bin_2-9,flatParam,qcd_fail
98,qcd_fail_HIGH_bin_3-9,flatParam,qcd_fail
99,qcd_fail_HIGH_bin_4-9,flatParam,qcd_fail
100,qcd_fail_HIGH_bin_5-9,flatParam,qcd_fail
101,qcd_fail_HIGH_bin_1-10,flatParam,qcd_fail
102,qcd_fail_HIGH_bin_2-10,flatParam,qcd_fail
103,qcd_fail_HIGH_bin_3-10,flatParam,qcd_fail
104,qcd_fail_HIGH_bin_4-10,flatParam,qcd_fail
105,qcd_fail_HIGH_bin_5-10,flatParam,qcd_fail
106,qcd_fail_HIGH_bin_2-11,flatParam,qcd_fail
107,qcd_fail_HIGH_bin_3-11,flatParam,qcd_fail
108,qcd_fail_HIGH_bin_4-11,flatParam,qcd_fail
109,qcd_fail_HIGH_bin_5-11,flatParam,qcd_fail
110,qcd_fail_HIGH_bin_3-12,flatParam,qcd_fail
111,qcd_fail_HIGH_bin_4-12,flatParam,qcd_fail
112,qcd_fail_HIGH_bin_5-12,flatParam,qcd_fail
113,qcd_fail_HIGH_bin_4-13,flatParam,qcd_fail
114,qcd_fail_HIGH_bin_5-13,flatParam,qcd_fail
231,qcd_fail_LOW_bin_1-1,flatParam,qcd_1_pass
232,qcd_fail_LOW_bin_2-1,flatParam,qcd_1_pass
233,qcd_fail_LOW_bin_3-1,flatParam,qcd_1_pass
234,qcd_fail_LOW_bin_4-1,flatParam,qcd_1_pass
235,qcd_fail_LOW_bin_5-1,flatParam,qcd_1_pass
236,qcd_fail_LOW_bin_6-1,flatParam,qcd_1_pass
237,qcd_fail_LOW_bin_1-2,flatParam,qcd_1_pass
238,qcd_fail_LOW_bin_2-2,flatParam,qcd_1_pass
239,qcd_fail_LOW_bin_3-2,flatParam,qcd_1_pass
240,qcd_fail_LOW_bin_4-2,flatParam,qcd_1_pass
241,qcd_fail_LOW_bin_5-2,flatParam,qcd_1_pass
242,qcd_fail_LOW_bin_6-2,flatParam,qcd_1_pass
243,qcd_fail_LOW_bin_1-3,flatParam,qcd_1_pass
244,qcd_fail_LOW_bin_2-3,flatParam,qcd_1_pass
245,qcd_fail_LOW_bin_3-3,flatParam,qcd_1_pass
246,qcd_fail_LOW_bin_4-3,flatParam,qcd_1_pass
247,qcd_fail_LOW_bin_5-3,flatParam,qcd_1_pass
248,qcd_fail_LOW_bin_6-3,flatParam,qcd_1_pass
249,qcd_fail_LOW_bin_1-4,flatParam,qcd_1_pass
250,qcd_fail_LOW_bin_2-4,flatParam,qcd_1_pass
251,qcd_fail_LOW_bin_3-4,flatParam,qcd_1_pass
252,qcd_fail_LOW_bin_4-4,flatParam,qcd_1_pass
253,qcd_fail_LOW_bin_5-4,flatParam,qcd_1_pass
254,qcd_fail_LOW_bin_6-4,flatParam,qcd_1_pass
255,qcd_fail_LOW_bin_2-5,flatParam,qcd_1_pass
256,qcd_fail_LOW_bin_3-5,flatParam,qcd_1_pass
257,qcd_fail_LOW_bin_4-5,flatParam,qcd_1_pass
258,qcd_fail_LOW_bin_5-5,flatParam,qcd_1_pass
259,qcd_fail_LOW_bin_6-5,flatParam,qcd_1_pass
260,qcd_fail_LOW_bin_3-6,flatParam,qcd_1_pass
261,qcd_fail_LOW_bin_4-6,flatParam,qcd_1_pass
262,qcd_fail_LOW_bin_5-6,flatParam,qcd_1_pass
263,qcd_fail_LOW_bin_6-6,flatParam,qcd_1_pass
264,qcd_fail_LOW_bin_4-7,flatParam,qcd_1_pass
265,qcd_fail_LOW_bin_5-7,flatParam,qcd_1_pass
266,qcd_fail_LOW_bin_6-7,flatParam,qcd_1_pass
267,qcd_fail_LOW_bin_5-8,flatParam,qcd_1_pass
268,qcd_fail_LOW_bin_6-8,flatParam,qcd_1_pass
269,qcd_fail_SIG_bin_1-1,flatParam,qcd_1_pass
270,qcd_fail_SIG_bin_2-1,flatParam,qcd_1_pass
271,qcd_fail_SIG_bin_1-2,flatParam,qcd_1_pass
272,qcd_fail_SIG_bin_2-2,flatParam,qcd_1_pass
273,qcd_fail_SIG_bin_1-3,flatParam,qcd_1_pass
274,qcd_fail_SIG_bin_2-3,flatParam,qcd_1_pass
275,qcd_fail_SIG_bin_1-4,flatParam,qcd_1_pass
276,qcd_fail_SIG_bin_2-4,flatParam,qcd_1_pass
277,qcd_fail_SIG_bin_1-5,flatParam,qcd_1_pass
278,qcd_fail_SIG_bin_2-5,flatParam,qcd_1_pass
279,qcd_fail_SIG_bin_1-6,flatParam,qcd_1_pass
280,qcd_fail_SIG_bin_2-6,flatParam,qcd_1_pass
281,qcd_fail_SIG_bin_1-7,flatParam,qcd_1_pass
282,qcd_fail_SIG_bin_2-7,flatParam,qcd_1_pass
283,qcd_fail_SIG_bin_1-8,flatParam,qcd_1_pass
284,qcd_fail_SIG_bin_2-8,flatParam,qcd_1_pass
285,qcd_fail_SIG_bin_1-9,flatParam,qcd_1_pass
286,qcd_fail_SIG_bin_2-9,flatParam,qcd_1_pass
287,qcd_fail_HIGH_bin_1-1,flatParam,qcd_1_pass
288,qcd_fail_HIGH_bin_2-1,flatParam,qcd_1_pass
289,qcd_fail_HIGH_bin_3-1,flatParam,qcd_1_pass
290,qcd_fail_HIGH_bin_4-1,flatParam,qcd_1_pass
291,qcd_fail_HIGH_bin_5-1,flatParam,qcd_1_pass
292,qcd_fail_HIGH_bin_1-2,flatParam,qcd_1_pass
293,qcd_fail_HIGH_bin_2-2,flatParam,qcd_1_pass
294,qcd_fail_HIGH_bin_3-2,flatParam,qcd_1_pass
295,qcd_fail_HIGH_bin_4-2,flatParam,qcd_1_pass
296,qcd_fail_HIGH_bin_5-2,flatParam,qcd_1_pass
297,qcd_fail_HIGH_bin_1-3,flatParam,qcd_1_pass
298,qcd_fail_HIGH_bin_2-3,flatParam,qcd_1_pass
299,qcd_fail_HIGH_bin_3-3,flatParam,qcd_1_pass
300,qcd_fail_HIGH_bin_4-3,flatParam,qcd_1_pass
301,qcd_fail_HIGH_bin_5-3,flatParam,qcd_1_pass
302,qcd_fail_HIGH_bin_1-4,flatParam,qcd_1_pass
303,qcd_fail_HIGH_bin_2-4,flatParam,qcd_1_pass
304,qcd_fail_HIGH_bin_3-4,flatParam,qcd_1_pass
305,qcd_fail_HIGH_bin_4-4,flatParam,qcd_1_pass
306,qcd_fail_HIGH_bin_5-4,flatParam,qcd_1_pass
307,qcd_fail_HIGH_bin_1-5,flatParam,qcd_1_pass
308,qcd_fail_HIGH_bin_2-5,flatParam,qcd_1_pass
309,qcd_fail_HIGH_bin_3-5,flatParam,qcd_1_pass
310,qcd_fail_HIGH_bin_4-5,flatParam,qcd_1_pass
311,qcd_fail_HIGH_bin_5-5,flatParam,qcd_1_pass
312,qcd_fail_HIGH_bin_1-6,flatParam,qcd_1_pass
313,qcd_fail_HIGH_bin_2-6,flatParam,qcd_1_pass
314,qcd_fail_HIGH_bin_3-6,flatParam,qcd_1_pass
315,qcd_fail_HIGH_bin_4-6,flatParam,qcd_1_pass
316,qcd_fail_HIGH_bin_5-6,flatParam,qcd_1_pass
317,qcd_fail_HIGH_bin_1-7,flatParam,qcd_1_pass
318,qcd_fail_HIGH_bin_2-7,flatParam,qcd_1_pass
319,qcd_fail_HIGH_bin_3-7,flatParam,qcd_1_pass
320,qcd_fail_HIGH_bin_4-7,flatParam,qcd_1_pass
321,qcd_fail_HIGH_bin_5-7,flatParam,qcd_1_pass
322,qcd_fail_HIGH_bin_1-8,flatParam,qcd_1_pass
323,qcd_fail_HIGH_bin_2-8,flatParam,qcd_1_pass
324,qcd_fail_HIGH_bin_3-8,flatParam,qcd_1_pass
325,qcd_fail_HIGH_bin_4-8,flatParam,qcd_1_pass
326,qcd_fail_HIGH_bin_5-8,flatParam,qcd_1_pass
327,qcd_fail_HIGH_bin_1-9,flatParam,qcd_1_pass
328,qcd_fail_HIGH_bin_2-9,flatParam,qcd_1_pass
329,qcd_fail_HIGH_bin_3-9,flatParam,qcd_1_pass
330,qcd_fail_HIGH_bin_4-9,flatParam,qcd_1_pass
331,qcd_fail_HIGH_bin_5-9,flatParam,qcd_1_pass
332,qcd_fail_HIGH_bin_1-10,flatParam,qcd_1_pass
333,qcd_fail_HIGH_bin_2-10,flatParam,qcd_1_pass
334,qcd_fail_HIGH_bin_3-10,flatParam,qcd_1_pass
335,qcd_fail_HIGH_bin_4-10,flatParam,qcd_1_pass
336,qcd_fail_HIGH_bin_5-10,flatParam,qcd_1_pass
337,qcd_fail_HIGH_bin_2-11,flatParam,qcd_1_pass
338,qcd_fail_HIGH_bin_3-11,flatParam,qcd_1_pass
339,qcd_fail_HIGH_bin_4-11,flatParam,qcd_1_pass
340,qcd_fail_HIGH_bin_5-11,flatParam,qcd_1_pass
341,qcd_fail_HIGH_bin_3-12,flatParam,qcd_1_pass
342,qcd_fail_HIGH_bin_4-12,flatParam,qcd_1_pass
343,qcd_fail_HIGH_bin_5-12,flatParam,qcd_1_pass
344,qcd_fail_HIGH_bin_4-13,flatParam,qcd_1_pass
345,qcd_fail_HIGH_bin_5-13,flatParam,qcd_1_pass
346,qcd_rpfT_1_par0,flatParam,qcd_1_pass
347,qcd_rpfT_1_par1,flatParam,qcd_1_pass
348,qcd_rpfT_1_par2,flatParam,qcd_1_pass
